Roll No.,Name,Subject1,Subject2,Subject3,Subject4
160616733122,A.Harshitha,Machine Learning,Mobile Computing,Image Processing,Project
160616733171,S.Samyuktha,Machine Learning,Mobile Computing,Image Processing,Project
160616733149,Kadali Sai Swetha,Machine Learning,Signal Processing,Big Data Analytics,Project
160616733137,Deepthi.P,Machine Learning,Mobile Computing,Image Processing,Project
160616733132,Busireddy Gnapika,Machine Learning,Mobile Computing,Image Processing,Project
160616733139,Dodda Alekhya,Machine Learning,Signal Processing,Image Processing,Project
160616733143,Gandla Pravalika,Machine Learning,Mobile Computing,Big Data Analytics,Project
160616733174,Syeda Uzma Afreen,Machine Learning,Signal Processing,Image Processing,Project
160616733128,B.Preethi,Machine Learning,Mobile Computing,Big Data Analytics,Project
160616733133,Chilukuri Uma,Machine Learning,Mobile Computing,Big Data Analytics,Project
160616733152,Katiki Dedeepya,Machine Learning,Signal Processing,Big Data Analytics,Project
160616733148,K. Sai Ramya,Machine Learning,Signal Processing,Big Data Analytics,Project
160616733164,P Devi Sri Akhila,Machine Learning,Mobile Computing,Image Processing,Project
160616733167,Pulluri Kavyasree,Machine Learning,Signal Processing,Image Processing,Project
160616733175,Tadikonda Nikitha,Machine Learning,Mobile Computing,Big Data Analytics,Project
160616733123,A Pravalikha,Machine Learning,Signal Processing,Image Processing,Project
160616733126,B Hadhvika,Machine Learning,Mobile Computing,Big Data Analytics,Project
160616733177,T Bindu Madhavi,Machine Learning,Mobile Computing,Image Processing,Project
160616733179,Keerthana vaditha,Machine Learning,Mobile Computing,Image Processing,Project
160616733145,Gudumani Akhila,Machine Learning,Signal Processing,Big Data Analytics,Project
160616733301,K.Tejasvi,Machine Learning,Mobile Computing,Image Processing,Project
160616733303,M.Chandrika,Machine Learning,Signal Processing,Image Processing,Project
160616733304,P.Saritha,Machine Learning,Mobile Computing,Big Data Analytics,Project
160616733138,Deshpande Vaibhavi,Machine Learning,Signal Processing,Big Data Analytics,Project
160616733180,Supriya Raghunath,Machine Learning,Mobile Computing,Image Processing,Project
160616733305,Mehul Singh,Machine Learning,Mobile Computing,Image Processing,Project
160616733124,A.Ramya Sri,Machine Learning,Signal Processing,Big Data Analytics,Project
160616733130,Bibi Masuma K,Machine Learning,Mobile Computing,Image Processing,Project
160616733140,G. Savitri,Machine Learning,Mobile Computing,Image Processing,Project
160616733121,Afeesha Sameen,Machine Learning,Signal Processing,Big Data Analytics,Project
160616733157,Mariam Azeez,Machine Learning,Mobile Computing,Image Processing,Project
160616733162,Nida Tahreem,Machine Learning,Mobile Computing,Image Processing,Project
160616733154,Madhavi.V,Machine Learning,Mobile Computing,Big Data Analytics,Project
160616733172,S.Rachana,Machine Learning,Mobile Computing,Image Processing,Project
160616733178,T.Vaishnavi,Machine Learning,Signal Processing,Image Processing,Project
160616733136,D Tanvi Reddy,Machine Learning,Signal Processing,Image Processing,Project
160616733142,G Vaishnavi,Machine Learning,Mobile Computing,Big Data Analytics,Project
160616733161,N.Maheshwari,Machine Learning,Signal Processing,Big Data Analytics,Project
160616733166,P.Priyanka,Machine Learning,Mobile Computing,Big Data Analytics,Project
160616733168,R.Vineetha Bhavya,Machine Learning,Mobile Computing,Image Processing,Project
160616733155,M.Bhavani,Machine Learning,Mobile Computing,Image Processing,Project
160616733156,M.K.Sahithi,Machine Learning,Mobile Computing,Big Data Analytics,Project
160616733165,P.Samruthi,Machine Learning,Signal Processing,Image Processing,Project
160616733159,M.Shivani,Machine Learning,Mobile Computing,Big Data Analytics,Project
160616733160,N. Pravalika,Machine Learning,Mobile Computing,Image Processing,Project
160616733176,T. Pallavi,Machine Learning,Mobile Computing,Big Data Analytics,Project
160616733151,K.Nikitha,Machine Learning,Signal Processing,Image Processing,Project
160616733153,K.Sai Sri Harshini,Machine Learning,Signal Processing,Big Data Analytics,Project
160616733163,P.Aishwarya,Machine Learning,Signal Processing,Image Processing,Project
160616733125,A.Y.Sreeja Narayan,Machine Learning,Mobile Computing,Big Data Analytics,Project
160616733134,C.Akshitha,Machine Learning,Mobile Computing,Image Processing,Project
160616733158,B.Meghana,Machine Learning,Mobile Computing,Image Processing,Project
160616733150,K.Aparna,Machine Learning,Signal Processing,Image Processing,Project
160616733302,B.Priya,Machine Learning,Mobile Computing,Big Data Analytics,Project
160615733072,K.Madhurika,Machine Learning,Mobile Computing,Big Data Analytics,Project
160616733141,G.keerthana,Machine Learning,Signal Processing,Image Processing,Project
160616733146,G.komal,Machine Learning,Mobile Computing,Big Data Analytics,Project
